"BROKEN","EPIC","FAILED","FEATURE","PASSED","SKIPPED","STORY","UNKNOWN"
"0","Booking API","0","Authentication","8","0","","0"
"0","Booking API","0","Get Booking","6","0","","0"
"0","Booking API","0","Error Handling","16","0","","0"
"0","Booking API","0","Create Booking","11","0","","0"
"0","Booking API","0","Performance","5","0","","0"
"0","Booking API","0","Idempotency","3","0","","0"
"0","Booking API","0","Boundary Testing","17","0","","0"
"0","Booking API","0","E2E Workflows","3","0","","0"
"0","Booking API","0","Update Booking","4","0","","0"
"0","Booking API","0","Partial Update Booking","4","0","","0"
"0","Booking API","0","HTTP Headers","4","0","","0"
"0","Booking API","0","Delete Booking","4","0","","0"
"0","Booking API","0","Contract Testing","4","0","","0"
